[
  {
    "value": "robo",
    "synonyms": [
      "robo",
      "hurto"
    ]
  },
  {
    "value": "maltrato",
    "synonyms": [
      "maltrato"
    ]
  },
  {
    "value": "trafico de  influencias",
    "synonyms": [
      "trafico de influencias"
    ]
  },
  {
    "value": "mal uso de recursos",
    "synonyms": [
      "mal uso de recursos"
    ]
  },
  {
    "value": "acoso sexual",
    "synonyms": [
      "acoso sexual",
      "acoso"
    ]
  },
  {
    "value": "denigracios arbitraria",
    "synonyms": [
      "denigracios arbitraria",
      "denigro"
    ]
  },
  {
    "value": "conflicto de interes",
    "synonyms": [
      "conflicto de interes"
    ]
  },
  {
    "value": "uso de informacion reservada",
    "synonyms": [
      "uso de informacion reservada"
    ]
  },
  {
    "value": "soborno",
    "synonyms": [
      "soborno",
      "cohecho",
      "sobornaron"
    ]
  },
  {
    "value": "operacion sospechosa",
    "synonyms": [
      "operacion sospechosa"
    ]
  }
]