[
  {
    "id": "f72777b8-16cc-4ebc-a292-84d58bd1b314",
    "data": [
      {
        "text": "operacion sospechosa",
        "meta": "@delitos",
        "alias": "delitos",
        "userDefined": true
      }
    ],
    "isTemplate": false,
    "count": 0,
    "lang": "es",
    "updated": 0
  },
  {
    "id": "13df4035-ea8f-4897-b062-b9f5b3973d83",
    "data": [
      {
        "text": "sobornaron",
        "meta": "@delitos",
        "alias": "delitos",
        "userDefined": false
      }
    ],
    "isTemplate": false,
    "count": 0,
    "lang": "es",
    "updated": 0
  },
  {
    "id": "162a410a-9b7f-4a21-8ea1-d298987e1ac0",
    "data": [
      {
        "text": "cohecho",
        "meta": "@delitos",
        "alias": "delitos",
        "userDefined": true
      }
    ],
    "isTemplate": false,
    "count": 0,
    "lang": "es",
    "updated": 0
  },
  {
    "id": "e2165322-d36e-4d3a-9d65-77f94852e6d3",
    "data": [
      {
        "text": "soborno",
        "meta": "@delitos",
        "alias": "delitos",
        "userDefined": false
      }
    ],
    "isTemplate": false,
    "count": 0,
    "lang": "es",
    "updated": 0
  },
  {
    "id": "3ddd6206-edf0-40b9-ba64-68e7808aeb1e",
    "data": [
      {
        "text": "uso de informacion reservada",
        "meta": "@delitos",
        "alias": "delitos",
        "userDefined": true
      }
    ],
    "isTemplate": false,
    "count": 0,
    "lang": "es",
    "updated": 0
  },
  {
    "id": "ae8941e2-2722-42c0-ae31-b81f045d587c",
    "data": [
      {
        "text": "conflictos de interes",
        "meta": "@delitos",
        "alias": "delitos",
        "userDefined": true
      }
    ],
    "isTemplate": false,
    "count": 0,
    "lang": "es",
    "updated": 0
  },
  {
    "id": "e79520f5-a52f-4eb1-83f7-152b053da571",
    "data": [
      {
        "text": "denigro",
        "meta": "@delitos",
        "alias": "delitos",
        "userDefined": true
      }
    ],
    "isTemplate": false,
    "count": 0,
    "lang": "es",
    "updated": 0
  },
  {
    "id": "67a4550d-27a2-4246-a57d-ce708779dd44",
    "data": [
      {
        "text": "acoso",
        "meta": "@delitos",
        "alias": "delitos",
        "userDefined": true
      }
    ],
    "isTemplate": false,
    "count": 0,
    "lang": "es",
    "updated": 0
  },
  {
    "id": "06b9352c-7f12-464d-b108-403f86693242",
    "data": [
      {
        "text": "acoso sexual",
        "meta": "@delitos",
        "alias": "delitos",
        "userDefined": false
      }
    ],
    "isTemplate": false,
    "count": 0,
    "lang": "es",
    "updated": 0
  },
  {
    "id": "7705c5d6-c854-4556-9c3f-cd3e7cbaa13b",
    "data": [
      {
        "text": "mal uso de recursos",
        "meta": "@delitos",
        "alias": "delitos",
        "userDefined": true
      }
    ],
    "isTemplate": false,
    "count": 0,
    "lang": "es",
    "updated": 0
  },
  {
    "id": "893c15d2-46cc-4519-85d5-8b312e68bd14",
    "data": [
      {
        "text": "trafico de influencias",
        "meta": "@delitos",
        "alias": "delitos",
        "userDefined": true
      }
    ],
    "isTemplate": false,
    "count": 0,
    "lang": "es",
    "updated": 0
  },
  {
    "id": "33602fd1-b377-4deb-a939-2296dd7aa9d1",
    "data": [
      {
        "text": "maltrato",
        "meta": "@delitos",
        "alias": "delitos",
        "userDefined": true
      }
    ],
    "isTemplate": false,
    "count": 0,
    "lang": "es",
    "updated": 0
  },
  {
    "id": "bbbfb3ae-673a-4c21-8263-d578ccf16c37",
    "data": [
      {
        "text": "hurto",
        "meta": "@delitos",
        "alias": "delitos",
        "userDefined": true
      }
    ],
    "isTemplate": false,
    "count": 1,
    "lang": "es",
    "updated": 0
  },
  {
    "id": "ab46468e-c292-4abc-870e-ebd44394f6b0",
    "data": [
      {
        "text": "robo",
        "meta": "@delitos",
        "alias": "delitos",
        "userDefined": false
      }
    ],
    "isTemplate": false,
    "count": 0,
    "lang": "es",
    "updated": 0
  }
]